Source Page Title	URL	Domain Score	Page Score	Link Type	Anchor Backlink	First Seen	Last Seen
Alunos criam software que formata textos conforme normas da ABNT - Notícias - UOL Educação	https://educacao.uol.com.br/noticias/2015/08/27/alunos-criam-software-que-formata-textos-conforme-normas-da-abnt.htm?cmpid=fb-uolnot	0	98	Text	blog	2018-11-21	2018-11-21
Monografia: melhor usar word, pages ou polaris? - Página 2 - Aplicativos (apps) - MM Fórum	https://forum.macmagazine.uol.com.br/topic/150485-monografia-melhor-usar-word-pages-ou-polaris/?page=2	0	98	Text	http://fastformat.co/	2018-11-17	2018-11-17
Plataforma de formatação científica lança prêmio para monografias	http://atarde.uol.com.br/educacao/noticias/1857085-plataforma-de-formatacao-cientifica-lanca-premio-para-monografias	0	98	Text	site do projeto	2018-09-21	2018-09-21
	https://revistagalileu.globo.com/Tecnologia/noticia/2015/08/ferramenta-online-ajuda-usuarios-padronizar-trabalhos-nas-normas-da-abnt.html	0	96	Text	Fast Format	2018-07-27	2018-08-04
A Internet te deixa mais feliz	https://us8.campaign-archive.com/?u=3aa82590c00e9fe4fc2f90fd1&id=ee3c4b6e7e	0	85	Text	Fast Format	2018-11-02	2018-11-02
Fast Format | Soluções Tecnológica | Boletim Técnico do PPEC	https://econtents.bc.unicamp.br/boletins/index.php/ppec/article/view/9054/0	0	83	Text	https://fastformat.co/m/help/videos	2018-10-21	2018-10-21
Ferramenta gratuita ajusta textos conforme as normas da ABNT	https://catracalivre.com.br/educacao/ferramenta-gratuita-ajusta-textos-conforme-as-normas-da-abnt/	0	82	Text	neste link	2019-04-10	2019-04-10
Normalização (ABNT, issn, etc)	http://biblioteca.far.fiocruz.br/index.php/menunormalizacao	0	82	Text	Blog Fastformat	2018-12-13	2019-04-06
Como escolher o método de pesquisa mais adequado para sua monografia? | Blog da BC	https://www.ufrgs.br/blogdabc/como-escolher-o-metodo-de-pesquisa-mais-adequado-para-sua-monografia/	0	82	Text	Blog FastFormat	2018-03-10	2019-03-16
Orientações | Zona Digital	http://zonadigital.pacc.ufrj.br/orientacoes/	0	82	Text	Clique aqui	2018-03-10	2019-02-24
FastFormat edita artigos acadêmicos e monografias com regras da ABNT | Notícias | TechTudo	https://www.techtudo.com.br/noticias/noticia/2015/09/fastformat-edita-artigos-academicos-com-regras-da-abnt.html	0	82	Text	FastFormat	2018-08-01	2019-04-05
Ciências Contábeis de Volta Redonda	http://cienciascontabeisvr.sites.uff.br/biblioteca-virtual/	0	81	Text	FastFormat	2018-12-20	2019-01-25
Site gratuito permite transformar qualquer texto no modelo acadêmico	http://noticias.universia.com.br/destaque/noticia/2015/09/02/1130727/site-gratuito-permite-transformar-qualquer-texto-modelo-academico.html	0	80	Text	Guia Acadêmico	2018-09-18	2019-03-23
Estudantes criam aplicativo que organiza texto com normas da ABNT - Jornal CORREIO | Notícias e opiniões que a Bahia quer saber	https://www.correio24horas.com.br/noticia/nid/estudantes-criam-aplicativo-que-organiza-texto-com-normas-da-abnt/	0	79	Text	um blog	2018-05-13	2019-04-15
FastFormat padroniza trabalhos acadêmicos nas normas ABNT –	https://tecnoblog.net/184226/formatacao-padrao-abnt-automatico/	0	79	Text	FastFormat	2018-06-21	2019-04-10
Conheça o software que formata trabalhos acadêmicos | Conexão Algar Telecom	https://blog.algartelecom.com.br/tecnologia/conheca-o-software-que-formata-trabalhos-academicos/	0	78	Text	criaram um blog	2017-09-19	2019-04-11
Os melhores blogs acadêmicos para você acompanhar • Doity	https://blog.doity.com.br/blogs-academicos/	0	78	Text	link aqui	2019-03-04	2019-04-09
[PHP] Script para formatação de trabalhos ABNT - Programação web - Clube do Hardware	https://www.clubedohardware.com.br/forums/topic/1332643-script-para-formata%C3%A7%C3%A3o-de-trabalhos-abnt/	0	78	Text	https://fastformat.co/	2019-02-28	2019-02-28
Monografia: melhor usar word, pages ou polaris? - Página 2 - Aplicativos (apps) - MM Fórum	https://forum.macmagazine.com.br/topic/150485-monografia-melhor-usar-word-pages-ou-polaris/?page=2	0	78	Text	http://fastformat.co/	2018-05-13	2018-11-01
UFCG - UNIVERSIDADE FEDERAL DE CAMPINA GRANDE-PB	http://ufcg.edu.br/prt_ufcg/assessoria_imprensa/mostra_noticia.php?codigo=17787	0	78	Text	link	2018-08-15	2019-04-12
UFJF te ajuda a passar bem pelas normas da ABNT - Notícias UFJF	https://www2.ufjf.br/noticias/2016/10/26/ufjf-te-ajuda-a-passar-bem-pelas-normas-da-abnt/	0	78	Text	FastFormat	2019-01-16	2019-04-05
www.fastformat.co FastFormat - Formatação nas normas ABNT, APA, Vancouver e outras. - Site Info	http://fastformat.co.rankank.com/	0	78	Text	fastformat.co	2018-08-06	2018-08-06
listography: academical (relativo ao TCC)	https://listography.com/ldelonge/academical/relativo_ao_tcc	0	77	Text	http://blog.fastformat.co/como-formatar-sua-monografia-nas-normas-da-abnt-automaticamente/	2019-01-11	2019-02-01
Listando na plataforma Mais baixados (total) no Superdownloads	http://www.superdownloads.com.br/busca?f=35114	0	77	Text	Página do desenvolvedor	2018-03-10	2019-01-09
Normas ABNT (Links)	http://uece.br/fisica/index.php/normas-abnt-links-uteis	0	77	Text	http://fastformat.co/	2018-03-10	2019-04-08
Regras ABNT atualizadas para TCC e Monografias	https://www.mundodastribos.com/regras-abnt-atualizadas-2013.html	22	77	Text	https://fastformat.co/	2018-04-24	2018-11-01
Links Úteis - INFI	https://infi.ufms.br/links-uteis/	0	77	Text	Normas ABNT UFMS	2017-09-19	2019-02-22
Ex-aluno de Computação da Ufal disponibiliza software para editoração de trabalhos acadêmicos — Universidade Federal de Alagoas	https://ufal.br/estudante/noticias/2015/08/ex-aluno-de-computacao-da-ufal-disponibiliza-software-para-editoracao-de-trabalhos-academicos	0	76	Text	http://blog.fastformat.co	2018-06-13	2019-04-11
Plataforma facilita formatação de artigos científicos | Na Prática	https://www.napratica.org.br/nota-plataforma-facilita-formatacao-de-artigos-cientificos/	0	76	Text	Fast Format	2018-07-13	2019-04-10
Software criado por ex-aluno da Ciência da Computação da Unicap auxilia na elaboração de trabalhos acadêmicos – Boletim Unicap	http://www.unicap.br/assecom1/software-criado-por-ex-aluno-da-ciencia-da-computacao-da-unicap-auxilia-na-elaboracao-de-trabalhos-academicos/	0	75	Text	abnt.fastformat.co	2019-01-10	2019-03-10
Opção Para Formatar Artigos Acadêmicos Automaticamente	http://canaldoensino.com.br/blog/opcao-para-formatar-artigos-academicos-automaticamente	0	74	Text	FastFormat	2018-09-17	2018-09-17
	http://hto.ifsp.edu.br/sitioantigo/index.php/menu-biblioteca/menu-item-biblio-trabalhos-academicos	0	74	Text	Software FastFormat	2018-07-25	2018-07-25
Tome Ciência: Mês de outubro – Edição 188 – Ano 2019	http://jornal.puc-campinas.edu.br/tome-ciencia-mes-de-outubro/	0	74	Text	link	2018-06-19	2019-04-12
| UNAMA	http://www.unama.br/node/	0	74	Text	No Fast Format	2018-11-19	2018-12-06
16 dicas de formatação de trabalhos para garantir nota 10 - uniBH	http://blog.unibh.br/16-dicas-de-formatacao-de-trabalhos-para-garantir-nota-10/	0	74	Text	Fast Format	2017-09-19	2018-10-12
Estudantes criam software que formata textos segundo ABNT	http://www.leiaja.com/tecnologia/2015/08/27/estudantes-criam-software-que-formata-textos-segundo-abnt/	0	73	Text	site	2019-04-01	2019-04-12
Formate trabalhos acadêmicos nas normas ABNT automaticamente	https://www.showmetech.com.br/software-formata-trabalhos-academicos-nas-normas-abnt-automaticamente/	0	72	Text	um blog	2018-06-24	2018-11-03
Christian Domröse | Personensuche - Kontakt, Bilder, Profile & mehr!	http://www.namenfinden.de/s/christian+domr%C3%B6se	0	71	Text	Banco de referências: journal:"Archives of Gynecology and Obstetrics ...https://fastformat.co/b/fastref?p...	2019-01-03	2019-01-03
6 aplicativos que facilitam a vida do estudante de odontologia | Blog Dental Cremer	http://blog.dentalcremer.com.br/6-aplicativos-estudante-de-odontologia/	0	70	Text	Fast Format	2018-06-13	2019-04-10
Estudantes criam software que organiza texto com as normas da ABNT	http://engenhariae.com.br/tecnologia/estudantes-criam-software-que-organiza-texto-com-as-normas-da-abnt/	0	69	Text	um blog	2018-06-19	2019-02-15
TCC dentro das Normas - FEMAT	https://femat.unifesspa.edu.br/tcc-e-est%C3%A1gios/279-trabalho-acad%C3%AAmico-dentro-das-normas.html	0	69	Text		2018-08-27	2019-04-11
| UNINASSAU	https://www.uninassau.edu.br/node/	0	69	Text	No Fast Format	2018-11-19	2018-12-06
Estudantes criam aplicativo que organiza texto com normas da ABNT – Calila Noticias	http://www.calilanoticias.com/2015/08/estudantes-criam-aplicativo-que-organiza-texto-com-normas-da-abnt	0	68	Text	um blog	2018-10-21	2019-01-14
Blog NPI Brasil, Autor em Blog NPI Brasil - Página 8 de 119	http://blog.npibrasil.com/author/blog-npi-brasil/page/8/	0	68	Text	Fastformat	2019-01-09	2019-04-11
10 Ferramentas para aumentar a produtividade e diminuir as dores de cabeça	http://posgraduando.com/10-ferramentas-para-aumentar-a-produtividade-e-diminuir-as-dores-de-cabeca/	0	68	Text	http://www.fastformat.co/	2017-09-19	2018-11-02
Regras ABNT 2018 atualizadas para TCC e Monografias 2018 | BR Acontece	https://www.bracontece.com.br/regras-abnt-2018-atualizadas-para-tcc-e-monografias-2018/	0	67	Text	FastFormat	2018-04-24	2019-04-09
Biblioteca Rui Tendinha - Serviços	https://bibliotecaruitendinha.incaper.es.gov.br/servicos	0	67	Text	http://fastformat.co/	2018-06-18	2019-04-09
Blog da Engenharia | O primeiro blog de engenharia | Cento e trinta coisas incríveis e gratuitas para engenheiros	https://blogdaengenharia.com/coisas-gratuitas-para-engenheiros/	0	66	Text	FasfFormat:	2017-09-19	2019-01-25
Os 5 melhores editores de texto gratuitos e online em 2019 - AppGeek	https://www.appgeek.com.br/editores-de-texto/	0	66	Text	Clique aqui para acessar o FastFormat.	2018-12-01	2019-04-16
Como formatar trabalho acadêmico dentro das normas ABNT	https://criticalhits.com.br/artigos/formatar-trabalho-academico-normas-abnt/	0	65	Text	FastFormat	2018-10-12	2018-10-31
NTE PORTO NACIONAL: Opção para formatar artigos acadêmicos automaticamente	https://nteportonacional.blogspot.com/2015/10/opcao-para-formatar-artigos-academicos.html	0	65	Text	FastFormat	2018-06-23	2018-10-31
Blog Wilton Lima: Estudantes criam aplicativo que organiza texto com normas da ABNT	http://www.wiltonlima.com.br/2016/05/estudantes-criam-aplicativo-que.html	0	64	Text	um blog	2018-08-18	2018-11-02
Visualize 3 Jpg	https://www.picquery.com/v/3-jpg_vSUJzvrnwHNTxd0K3*LGWJ2jxQ0jITkslPp2zOfO1oI/jPtkxRL67Pzm6%7cX58jzOenAVoJWVdpb8fY6YsOP4c*jYbhXqp2UZwAXwFvf2MKrz5Qc9cJDzhZPs*Ml0qdZGJS7rCTvLkGYHT3Htl7otOutHLlSAswGfCS2uitXn*nszXda5GUnKSXyoIwehF*d6VAMZM7Zq6hTACerdX8enNAdcWCmRneYjb%7cGBmLP9QsVaUpk71kztLaDA38LUe8QiK2PSJvhHaO%7cv%7cExnldbX44jhDla0z2W*F0JGLY93ZY8L/	0	64	Text		2018-10-20	2018-10-20
| Joaquim Nabuco	http://www.joaquimnabuco.edu.br/node/	0	64	Text	No Fast Format	2018-11-18	2018-12-27
Ex-aluno de Computação da Ufal disponibiliza software para editoração de trabalhos acadêmicos | Arapiraca | 7Segundos	https://arapiraca.7segundos.com.br/noticias/2015/08/20/50442/ex-aluno-de-computacao-da-ufal-disponibiliza-software-para-editoracao-de-trabalhos-academicos.html	0	64	Text	FastFormat	2018-09-09	2019-04-08
BLOG DO PARCEIRO: Estudantes criam aplicativo que organiza texto com normas da ABNT	https://josenidelima.blogspot.com/2015/08/estudantes-criam-aplicativo-que.html	0	63	Text	um blog	2018-11-06	2018-11-06
POLÍTICA CIDADANIA E DIGNIDADE: Alunos criam software que formata textos conforme normas da ABNT	http://politicacidadaniaedignidade.blogspot.com/2015/11/alunos-criam-software-que-formata.html	0	63	Text	blog	2018-08-12	2018-11-08
Prestes A Ressurgir: Agosto 2015	http://prestesaressurgir.blogspot.com/2015/08/	0	63	Text	blog	2018-06-15	2018-11-08
FastFormat: Aplicativo de Formatação Automática de TCC	https://viacarreira.com/fastformat-aplicativo-de-formatacao-automatica-de-tcc-235104/	0	63	Text	clique aqui	2019-03-11	2019-04-10
Confira cinco editores de texto online gratuitos disponíveis - Vida Digital - Script Brasil	https://www.scriptbrasil.com.br/vida-digital/confira-cinco-editores-texto-online-gratuitos-disponiveis.html	0	63	Text	FastFormat	2018-08-07	2018-08-24
Capa de trabalho ABNT e folha de rosto: como formatar +modelo pronto	https://www.tuacarreira.com/capa-de-trabalho-abnt/	0	63	Text	FastFormat	2019-04-09	2019-04-09
Blog Cariri : Alunos criam software que formata textos conforme normas da ABNT	http://www.blogcariri.com.br/2015/08/alunos-criam-software-que-formata.html	0	62	Text	blog	2018-05-13	2018-10-29
3 plataformas de revisão bibliográfica para trabalhos acadêmicos - Vivo Guru	https://www.vivotech.com.br/revisao-bibliografica-para-trabalhos-academicos/	0	62	Text	Fast Format	2018-07-27	2019-03-08
Agosto 2015 - Minha Casa Organizada	http://www.minhacasaorganizada.com.br/2015/08/	0	62	Text	lá	2018-06-08	2018-11-08
Grupo de especialistas em Ciência da Computação criam site que formata trabalhos acadêmicos. - CBSI | SISTEMAS DE INFORMAÇÃO.	https://www.cbsi.net.br/2015/09/grupo-de-especialistas-em-ciencia-da-computacao-criam-site-que-formata-trabalhos.html	0	62	Text	link	2018-11-03	2018-11-03
ANGICO NO AR: Em PE, amigos criam site que edita artigos automaticamente para ABNT	http://angiconoar.blogspot.com/2015/10/em-pe-amigos-criam-site-que-edita.html	0	62	Text	link	2018-11-02	2018-11-02
Ferramenta online ajusta textos conforme as normas da ABNT	https://escolaeducacao.com.br/saiba-como-formatar-textos-academicos-que-seguem-as-normas-da-abnt/	0	61	Text	blog do projeto	2018-06-08	2018-11-13
Alunos Criam Software Que Formata Textos Conforme Normas Da Abnt - UNIJIPA	https://unijipa.edu.br/noticias/institucionais/101708-alunos-criam-software-que-formata-textos-conforme-normas-da-abnt	0	61	Text	blog	2018-06-10	2018-07-23
Alunos Criam Software Que Formata Textos Conforme Normas Da Abnt - FAMETA	https://fameta.edu.br/noticias/institucionais/101708-alunos-criam-software-que-formata-textos-conforme-normas-da-abnt	0	60	Text	blog	2018-06-09	2018-07-11
Fastformat – Linux Centro	https://linuxcentro.com.br/internet/fastformat/	0	60	Text		2019-03-28	2019-04-08
5 aplicativos para pesquisa científica muito úteis para universitários	http://blog.coletum.com/aplicativos-para-pesquisa-cientifica/	0	60	Text	software FastFormat.	2018-12-29	2019-03-05
As 3 melhores ferramentas gratuitas e online que formatam textos nas normas ABNT - Estágio Online	https://estagioonline.com/noticias/as-3-melhores-ferramentas-gratuitas-e-online-que-formatam-textos-nas-normas-abnt	0	59	Text	neste link	2019-01-05	2019-04-10
Alunos Criam Software Que Formata Textos Conforme Normas Da Abnt - FAPAN	https://fapan.edu.br/noticias/institucionais/101708-alunos-criam-software-que-formata-textos-conforme-normas-da-abnt	0	58	Text	blog	2018-06-08	2018-07-12
Alunos Criam Software Que Formata Textos Conforme Normas Da Abnt - FAP	https://fapb.edu.br/noticias/institucionais/101708-alunos-criam-software-que-formata-textos-conforme-normas-da-abnt	0	58	Text	blog	2018-06-08	2018-07-24
	http://www.ensinarhistoriajoelza.com.br/escrita-cientifica-dicas-para-escrever-seu-tcc-artigo-ou-monografia/	0	58	Text	Artigo científico: normas e regras ABNT: como fazer?	2018-07-20	2018-07-26
	http://toniwilliams.info/cita%C3%A7%C3%B5es-direta-mais-de-tres-linhas-abnt	0	58	Image	citacao direta normas e regras da abnt para tcc	2018-11-01	2018-11-01
17 aplicativos para estudantes hackearem sua rotina! - FAPPES	http://fappes.edu.br/blog/graduacao/17-aplicativos-para-estudantes-hackearem-sua-rotina/	0	58	Text	FastFormat	2018-04-24	2019-03-05
List-of-Domains.org - Alexa website ranking for Thursday, 02-Aug-2018 Page 113	http://www.webnamelist.com/alexa/Alexa_113.html	0	58	Text	fastformat.co	2018-09-03	2018-11-02
TV: A máquina de congelar artistas idosos | Portal do Envelhecimento	https://www.portaldoenvelhecimento.com.br/tv-maquina-de-triturar-artistas-idosos/	0	58	Text	GUIDES, Ana Carla Nogueira de Sousa	2018-06-19	2019-04-09
FastFormat ajusta texto com as normas da ABNT	https://professornews.com.br/assinante/2-uncategorised/8441-fastformat-ajusta-texto-pelas-normas-da-abnt.html	0	57	Text	FastFormat	2017-09-19	2019-03-13
Site edita automaticamente artigos para normas da ABNT - Enfu	http://www.enfu.com.br/site-edita-automaticamente-artigos-para-normas-da-abnt/	0	57	Text	link	2018-03-10	2018-10-31
Alunos Criam Software Que Formata Textos Conforme Normas Da Abnt - FAMETA	http://fameta.athenaseducacional.com.br/noticias/institucionais/101708-alunos-criam-software-que-formata-textos-conforme-normas-da-abnt	0	55	Text	blog	2018-12-30	2019-04-09
Alunos Criam Software Que Formata Textos Conforme Normas Da Abnt - FAPAN	http://fapan.athenaseducacional.com.br/noticias/institucionais/101708-alunos-criam-software-que-formata-textos-conforme-normas-da-abnt	0	55	Text	blog	2018-12-29	2019-04-10
Alunos Criam Software Que Formata Textos Conforme Normas Da Abnt - UNIJIPA	http://unijipa.athenaseducacional.com.br/noticias/institucionais/101708-alunos-criam-software-que-formata-textos-conforme-normas-da-abnt	0	55	Text	blog	2018-12-29	2019-04-09
Estudantes criam software que formata textos segundo ABNT – Alagoinhas Hoje	http://www.alagoinhashoje.com/estudantes-criam-software-que-formata-textos-segundo-abnt/	0	55	Text	site	2018-05-13	2018-09-05
Como formatar trabalho com regras da ABNT automaticamente | Limon Tec	https://www.limontec.com/2015/10/como-formatar-trabalho-com-regras-da.html	0	55	Text	http://fastformat.co/	2018-07-31	2018-11-06
	http://stta.com.br/noticia.php?id=27	0	54	Text	http://fastformat.co/	2017-10-03	2018-07-16
noticias | Vivacity	http://vivacity.com.br/noticiasDetalhes.asp?id=925	0	54	Text	www.fastformat.co	2018-08-05	2019-04-09
Revisão e Formalização da ABNT, , Bananeira 2018	https://www.glunis.com/BR/Bananeira/924336797589905/Revis%C3%A3o-e-Formaliza%C3%A7%C3%A3o-da-ABNT	0	53	Text	O que escrever em cada seção de um estudo de caso? - Guia Acadêmico	2018-10-24	2018-10-24
	http://www.linkest.net/assunto/text_formatting	0	52	Text	link	2018-07-17	2018-07-17
Alunos criam software que formata textos conforme normas da ABNT – Rondonia News	http://www.rondonianews.com/site/alunos-criam-software-que-formata-textos-conforme-normas-da-abnt/	0	51	Text	http://fastformat.co/	2018-03-10	2019-04-10
Capa De Trabalho Abnt Unip. Capa De Trabalho Abnt Unip. Unip. Apndice Como Fazer O Uso Na Abnt. Nap U Ncleo De Apoio Ao Estudante. A Introduo Da Estrutura Do Tcc. Capa De Trabalho Abnt Unip. Passo Sum	http://applyingto.com/capa-de-trabalho-abnt-unip.html	0	51	Text	.	2018-10-24	2018-11-02
Plataforma facilita formatação de artigos científicos | Meira Fernandes Gestão e Solução	http://www.meirafernandes.com.br/noticia/5549/plataforma-facilita-formataccedilatildeo-de-artigos-cientiacuteficos	0	51	Text	Fast Format	2018-11-03	2018-12-30
	http://www.buildyour.net/capa-de-trabalho-abnt-unip.html	0	50	Text	.	2018-07-17	2018-07-17
Planeta: Nossa Língua	http://planetadoalan.blogspot.com/p/nossa-lingua.html	0	50	Text	NORMAS ABNT	2018-06-22	2018-10-31
	http://academia-salamanca.info/14/4995353-da-upf-logo.html	0	50	Image	universidade de passo fundo upf fastformat universidade de passo fundo upf fastformat	2018-08-05	2018-08-05
Estudantes criam software que formata textos segundo ABNT	http://www.blogdasppps.com/2015/08/estudantes-criam-software-que-formata.html	0	49	Text	site	2019-04-03	2019-04-03
elsevier template * 28 images - elsevier template templates collections, elsevier journal template elsevier cover letter dolapgnetband free template design, elsevier journal template sciencedirect template free template design, template essay collegeconsultants x fc2, elsevier journal template sciencedirect template free template design	http://luckyeng.website/elsevier-template/	0	49	Text	.	2018-12-21	2018-12-21
Japi em Foco: Estudantes criam aplicativo que organiza texto com normas da ABNT	https://japirnemfoco.blogspot.com/2015/08/estudantes-criam-aplicativo-que.html	0	48	Text	um blog	2018-10-16	2018-11-01
1 de setembro de 2015 (ter) às 00:05 – Página: 2 – Agrosoft	https://www.agrosoft.com.br/2015/09/01/page/2/	0	48	Text	Fast Format	2019-04-15	2019-04-15
	http://roman365.info/como-fazer-cita%C3%A7%C3%B5es-em-apresenta%C3%A7%C3%B5es	0	47	Image	citacao direta normas e regras da abnt para tcc	2018-11-03	2018-11-03
Resume Exemplo. cv exemplo vatoz atozdevelopment co. the best easy to edit resume models in word noctula store. 33 hostess resume sample anfitri exemplo cv visualcv retomar. resumo profissional qualificações e diferenciais vagas profissões. cpa resume resume badak. nmdnconference.com - Example Resume And Cover Letter	http://nmdnconference.com/resume-exemplo.html	0	47	Text	.	2018-11-14	2018-12-16
Estudantes criam aplicativo com a função de organizar textos – Maraú Notícias	http://www.maraunoticias.com/tecnologia/18322-estudantes-criam-aplicativo-com-a-funcao-de-organizar-textos.html	0	47	Text	Fast Format	2019-03-08	2019-03-08
	https://www.vdstube.com/aprenda-a-fazer-o-seu-tcc/	0	47	Text	http://www.fastformat.co/	2018-08-10	2018-08-10
Alexa top domain list || list.show || page 219	http://list.show/domain-list-219	0	46	Text	fastformat.co	2018-09-16	2019-02-13
Rebolinho: O Brasil tem muita gente boa	http://www.rebolinho.com.br/2016/02/o-brasil-tem-muita-gente-boa.html	0	43	Text	um blog	2018-11-07	2018-11-07
Intervalo da Notícias: Estudantes criam aplicativo que organiza texto com normas da ABNT	http://intervalodanoticias.blogspot.com/2015/08/estudantes-criam-aplicativo-que.html	0	42	Text	um blog	2017-10-03	2018-11-02
	https://sportsmedupdate.info/mind-the-graph/	0	42	Image		2018-08-03	2018-08-05
Trabalho em grupo: 8 aplicativos pra facilitar sua vida	https://upmeapp.com.br/blog/trabalho-em-grupo-8-aplicativos-pra-facilitar-sua-vida	0	42	Text	FastFormat	2018-09-16	2018-11-01
LITORAL CENTRO - COMUNICAÇÃO E IMAGEM ONLINE: Eu, Psicóloga | Como padronizar seus trabalhos acadêmicos nas normas ABNT automaticamente	http://aveiro123.blogspot.com/2018/02/eu-psicologa-como-padronizar-seus.html	0	42	Text	FastFormat	2018-08-09	2018-11-02
Hans-jörg Schek | Search A Name - Contact, Pictures, Profiles & more!	http://www.ohkay-dohkay.com/s/hans-j%C3%B6rg+schek	0	42	Text	Hans-Jörg Schek - FastFormat	2018-09-04	2018-09-09
TCC: ferramentas online que vão te ajudar a fazer o seu projeto de conclusão de curso	http://cliquenews.com.br/ciencia-e-tecnologia/12130/tcc-ferramentas-online-que-vao-te-ajudar-a-fazer-o-seu-projeto-de-conclusao-de-curso	0	41	Text	FastFormat	2018-08-09	2018-09-05
Regras ABNT atualizadas para TCC e Monografias	http://conectandouniversitarios.com.br/2017/03/04/regras-abnt-atualizadas-para-tcc-e-monografias/	0	41	Text	https://fastformat.co/	2018-04-24	2019-04-11
Blog da Biblioteca Central de Ribeirão Preto/USP: Ferramentas Úteis (gratuitas)	http://blogbcrp.blogspot.com/p/ferramentas-gratuitas.html	0	41	Text	FastFormat -	2018-06-16	2018-09-02
Japi em Foco: Como padronizar seus trabalhos acadêmicos nas normas ABNT automaticamente	http://www.japiemfoco.com/2015/12/como-padronizar-seus-trabalhos.html	0	41	Text	FastFormat	2018-04-24	2018-09-05
Estudantes da UFPE criam programa para organizar textos às normas da ABNT ~ Blog Benjamin Leite	http://www.benjaminleite.com.br/2015/08/estudantes-da-ufpe-criam-programa-para.html	0	40	Text	FastFormat	2017-09-19	2018-10-31
LEME JURÍDICO - O seu portal de Direito e Justiça na internet.: Art. 5º CF/88 (...)	http://lemejuridico.blogspot.com/2008/07/art-5-cf88.html	0	39	Text	FORMATE SEU TRABALHO ACADÊMICO (ABNT	2018-07-13	2018-11-01
Tags - ABNT | LeiaJá	http://bureaujuridico.com.br/tags/abnt	0	38	Text	site	2018-06-07	2018-10-14
	http://www.baostat.com/list/45/	0	38	Text	fastformat.co	2018-07-26	2018-07-26
08 Aplicativos para android Inovadores [O 6° é o que eu mais gostei] - Mestre Android - Novidades Android!	https://mestreandroid.com/08-aplicativos-para-android-inovadores-o-6-e-o-que-eu-mais-gostei/	0	38	Text	clicar nesse link.	2018-05-13	2018-11-06
template for springer journals - 28 images - svjour3 springer journals template sharelatex, 10 template for springer journals, top result template for springer journals awesome, journal of chemical physics template inspirational, templates fastformat	http://cac-mods.info/template-for-springer-journals.html	0	38	Text	templates fastformat	2018-08-17	2018-08-17
	http://sieuthichungcu.info/barao-de-maua-logo%20-7733ab7e/	0	38	Image	Barao De Maua Logo	2018-08-03	2018-08-03
Free Resume Templates Word » form td f rev | Resume Templates Word	https://superdirectory.us/form-td-f-90-22-1-rev-1-2012/	0	37	Image		2018-08-14	2018-08-14
Meditabundamente: Tem que entregar TCC até dezembro? Seus problemas acabaram!	http://meditabundamente.blogspot.com/2015/11/tem-que-entregar-tcc-ate-dezembro-seus.html	0	37	Text	FastFormat	2018-09-15	2018-11-01
Duc Conrad Tran-van | Free People Search - Contact, Pictures, Profiles & more!	http://www.namepeeper.com/s/duc+conrad+tran-van	0	37	Text	FastRef | FastFormat	2018-10-31	2018-10-31
Olhar Arquivístico: Ex-aluno de Computação da Ufal disponibiliza software para editoração de trabalhos acadêmicos	https://olhararquivistico.blogspot.com/2015/08/ex-aluno-de-computacao-da-ufal.html	0	36	Text	http://blog.fastformat.co	2018-11-03	2018-11-03
Dendê News: Estudantes da Ufpe criam site que organiza texto com normas da ABNT	http://www.dendenews.com/2015/08/estudantes-da-ufpe-criam-site-que.html	0	36	Text	um blog	2018-07-20	2018-11-03
Alexa top domain list || page 85	http://www.surekha.co.in/domain-list-85	0	36	Text	fastformat.co	2019-04-09	2019-04-12
Capa De Trabalho Academico Unip. Mais Um Minicurso Com Inscries Encerradas. Isso Facilitar Muito O Seu Trabalho Futuro Para A Adio De Datas Localidades Citaes E Demais Componentes Do Seu Modelo. Relat	http://klickyes.com/capa-de-trabalho-academico-unip.html	0	36	Text	.	2018-11-03	2018-11-03
	http://injobresumes.com/apa-latex-template.html	0	36	Text	.	2018-07-31	2018-07-31
	http://validrank.info/Acm-Template	0	36	Text		2018-07-27	2018-07-27
Como Criar Um Modelo De Or 231 Amento | Jzgreentown.com	http://jzgreentown.com/como-criar-um-modelo-de-or-231-amento.html	0	35	Text	.	2018-09-21	2018-09-22
Alexa top domain list || websitescrawl.com || page 172	http://tejal.international/domain-list-172	0	35	Text	fastformat.co	2018-11-15	2019-02-14
Gazeta Cairuense: Estudantes criam site que organiza texto com normas da ABNT	http://www.gazetacairuense.com/2015/08/estudantes-criam-site-que-organiza.html	0	34	Text	um blog	2018-09-03	2018-11-04
	http://budkasobak.xyz/?k=httpsaccountsgooglecom	0	34	Text		2018-08-16	2018-08-16
	http://zoubi.net/revista-de-online.html	0	34	Text	.	2018-08-09	2018-08-09
	http://internetwealthreport.info/porque-no-trabalho-academico-devem-ter-cita%C3%A7%C3%B5es-e-refer%C3%AAncias	0	33	Image	formulas normas e regras da abnt para tcc	2018-10-31	2018-10-31
	https://coppha.info/mind-the-graph/	0	33	Image		2018-08-12	2018-08-12
Eu, Psicóloga.: Como padronizar seus trabalhos acadêmicos nas normas ABNT automaticamente	http://deboraoliveirapsicologa.blogspot.com/2018/02/como-padronizar-seus-trabalhos.html	0	32	Text	FastFormat	2018-07-11	2018-11-08
RÁDIO MAIRI FM NOTÍCIAS : Em PE, amigos criam site que edita artigos automaticamente para ABNT	http://radiomairifm.blogspot.com/2015/10/em-pe-amigos-criam-site-que-edita.html	0	32	Text	link	2018-07-16	2018-11-01
Alexa top domain list || page 85	http://www.toplist.co.in/domain-list-85	0	32	Text	fastformat.co	2019-04-09	2019-04-12
	https://elpialaderogdl.com/form-td-f-90-22-1-rev-1-2012/	0	31	Image		2018-08-10	2018-08-10
Formatação automática de Trabalhos Acadêmicos: Normas da ABNT, periódicos e conferências científicas, TCCs, dissertações e teses. | Super7Downloads	https://super7downloads.blogspot.com/2015/08/formatacao-automatica-de-trabalhos.html	0	31	Image		2018-11-04	2018-11-04
Blog "O DRAGÃO CONTEMPORÂNEO": Agosto 2015	http://odragaocontemporaneo.blogspot.com/2015/08/	0	30	Text	http://www.fastformat.co/	2018-06-30	2018-10-31
Professora Sônia Amaral: DICAS DE COMO MONTAR UM PLANEJAMENTO	http://soniamaralpereira.blogspot.com/2013/04/dicas-de-como-montar-um-planejamento.html	0	30	Image		2018-08-20	2018-08-24
Capa De Trabalho Academico Unip. Fundamental. Capa De Trabalho Academico Unip. Fundamental. Sumrio Normalizao Referncias Citao Sistemas De Chamada Notas Notas De Rodap Trabalhos Acadmicos Ilustraes Co	http://netstudios.net/capa-de-trabalho-academico-unip.html	0	30	Text	.	2018-09-10	2018-11-02
Abnt - oloom.	http://oloom.info/catalog/a/abnt.html	0	29	Image		2018-08-15	2018-08-15
ALUNOS CRIAM SOFTWARE QUE FORMATA TEXTOS CONFORME NORMAS DA ABNT | NED	http://www.sigaoned.com/2015/08/alunos-criam-software-que-formata.html	0	28	Text	blog	2018-11-05	2018-11-05
Acervo do Conhecimento Histórico: Revisão Sistemática da Literatura: O que é? Como fazer?	https://achistorico.blogspot.com/2017/09/revisao-sistematica-da-literatura-o-que.html	0	28	Text	Como escolher o método de pesquisa mais adequado para seu estudo?	2018-06-15	2018-11-08
Blog do Luciano Ferrari: Maio 2016	http://blogdolucianoferrari.blogspot.com/2016/05/	0	28	Text	link	2018-06-19	2018-11-08
Ferramenta ajusta textos conforme as normas da ABNT | Ciência e Tecnologia | Correio da Manhã - Brasil	https://correiodamanha.com.br/site/noticia/ferramenta-ajusta-textos-conforme-as-normas-da-abnt	0	27	Text	link	2018-07-27	2019-04-10
Simplesmente Química!!: Setembro 2015	https://quimichristian.blogspot.com/2015/09/	0	27	Text	blog	2018-07-08	2018-11-08
	http://theremotecomputerrepair.info/abstract-abnt-919c6d/	0	27	Image	Abstract Abnt	2018-07-28	2018-07-28
Asclépios | Porque o que é sério também pode ser divertido. Curiosidades Médicas. História da Medicina. Entenda a origem de muitos mitos.	https://asclepios.com.br/?page=6	0	27	Text	http://www.fastformat.co/	2018-05-13	2018-10-27
	https://carsongov.us/form-td-f-90-22-1-rev-1-2012/	0	25	Image		2018-08-07	2018-08-07
	http://teachnologist.info/como-colocar-cita%C3%A7%C3%B5es-nas-normas	0	24	Image	citacao direta normas e regras da abnt para tcc	2018-11-01	2018-11-01
	http://freebookmarkit.info/cita%C3%A7%C3%B5es-para-colocar-na-introdu%C3%A7%C3%A3o-do-trabalho-acad%C3%AAmico	16	24	Image	formulas normas e regras da abnt para tcc	2018-11-02	2018-11-02
Qual é o Nome Deste Blog?: FastFormat - software para edição de documentos acadêmicos	https://qeondb.blogspot.com/2015/08/fastformat-software-para-edicao-de.html	0	24	Text	http://fastformat.co/	2018-06-21	2018-10-30
Alexa top domain list || page 85	http://www.cricketlive.co.in/domain-list-85	0	24	Text	fastformat.co	2019-04-09	2019-04-12
GEALOGS - Grupo de Estudos e Pesquisas Avançadas em Logística e SCM: Abril 2017	http://profpatriciaguarnieriunb.blogspot.com/2017/04/	0	22	Text	blog	2018-06-18	2018-10-31
TCC PASSO A PASSO, RÁPIDO E FÁCIL - TCC SEM DRAMA - TCC PASSO A PASSO, RÁPIDO E FÁCIL – nas normas abnt	https://criarmeutcc.com.br/tccsdrama/	0	22	Text	TCC	2018-12-29	2019-04-09
Tags - Software | LeiaJá	http://leiajaal.com.br/tags/software?page=1	0	21	Text	site	2019-03-11	2019-03-11
Tags - ABNT | LeiaJá	http://leiajase.com.br/tags/abnt	0	21	Text	site	2018-05-13	2019-01-14
Alexa top domain list || page 85	http://www.ws3x.com/domain-list-85	0	21	Text	fastformat.co	2019-04-09	2019-04-12
Alexa top domain list || page 85	http://www.love.net.in/domain-list-85	0	21	Text	fastformat.co	2019-04-09	2019-04-10
Alexa top domain list || page 85	http://www.searchhotels.in/domain-list-85	0	21	Text	fastformat.co	2019-04-09	2019-04-11
Novo aplicativo organiza textos com normas da ABNT.	http://egressoateneu.blogspot.com/2015/08/novo-aplicativo-organiza-textos-com.html	0	20	Text	http://blog.fastformat.co/	2018-06-19	2018-10-31
Tags - ABNT | LeiaJá	http://oinventordonordeste.com/tags/abnt	0	20	Text	site	2018-04-24	2018-08-15
Aprenda a fazer o seu TCC	http://para-construir.es/aprenda-a-fazer-o-seu-tcc.html	0	20	Text	http://www.fastformat.co/	2018-09-10	2019-03-13
Redação do AcreTI.net | Acre Tecnologia da Informação	http://acreti.net/author/admin	0	20	Text	FastFormat	2017-09-19	2019-04-10
40 tesis de Brasil sobre historia peruana	http://grupodetrabajohistoriasiglo20.blogspot.com/2018/02/40-tesis-de-brasil-sobre-historia.html	0	20	Text	O Centro de Altos Estudos Militares (Peru) e a Escola Superior de Guerra (Brasil) 1948-1968	2018-06-30	2018-10-31
	http://flipverse.us/book-template-routledge.html	0	20	Text	fantastic springer template images	2018-08-03	2018-08-05
Tags - ABNT | LeiaJá	http://leiajape.com.br/tags/abnt	0	18	Text	site	2019-01-20	2019-01-20
	http://www.mediconerd.com.br/	0	18	Text	Fastformat	2017-09-19	2019-04-09
Tags - ABNT | LeiaJá	http://jjpart.com.br/tags/abnt	0	17	Text	site	2018-05-13	2019-01-26
Alexa top domain list || page 85	http://www.sushila.co.in/domain-list-85	0	17	Text	fastformat.co	2019-04-09	2019-04-12
Alexa top domain list || page 85	http://www.muchmore.in/domain-list-85	0	17	Text	fastformat.co	2019-04-09	2019-04-12
Links que Podem Ajudar - Educação e Contabilidade	http://www.educacaoecontabilidade.com.br/links-que-podem-ajudar	0	16	Text	FastFormat	2018-11-01	2018-11-01
Alexa top domain list || websitescrawl.com || page 172	http://websitescrawl.com/domain-list-172	0	16	Text	fastformat.co	2018-11-02	2019-02-14
Alexa top domain list || tejal.group || page 119	http://whenregistered.com/domain-list-119	0	16	Text	fastformat.co	2019-03-04	2019-03-05
Alexa top domain list || page 85	http://www.july.co.in/domain-list-85	0	16	Text	fastformat.co	2019-04-09	2019-04-12
Alexa top domain list || page 85	http://www.ketaki.co.in/domain-list-85	0	16	Text	fastformat.co	2019-04-09	2019-04-12
Alexa top domain list || page 85	http://www.feelfree.in/domain-list-85	0	16	Text	fastformat.co	2019-04-09	2019-04-12
Alexa top domain list || page 85	http://www.janhit.in/domain-list-85	0	16	Text	fastformat.co	2019-04-10	2019-04-16
Alexa top domain list || page 85	http://www.one.net.in/domain-list-85	0	16	Text	fastformat.co	2019-04-09	2019-04-11
Alexa top domain list || tejal.group || page 119	http://tejal.group/domain-list-119	0	15	Text	fastformat.co	2019-03-04	2019-03-05
Alexa top domain list || page 85	http://www.allreviews.in/domain-list-85	0	15	Text	fastformat.co	2019-04-09	2019-04-15
Alexa top domain list || page 85	http://www.cashbackdeals.in/domain-list-85	0	15	Text	fastformat.co	2019-04-09	2019-04-12
Alexa top domain list || page 85	http://www.3gp.co.in/domain-list-85	0	15	Text	fastformat.co	2019-04-09	2019-04-12
Alexa top domain list || page 85	http://www.again.co.in/domain-list-85	0	15	Text	fastformat.co	2019-04-09	2019-04-12
Alexa top domain list || page 85	http://www.anjana.co.in/domain-list-85	0	15	Text	fastformat.co	2019-04-09	2019-04-12
Alexa top domain list || page 85	http://www.discussion.co.in/domain-list-85	0	15	Text	fastformat.co	2019-04-11	2019-04-18
Alexa top domain list || page 85	http://www.hansika.co.in/domain-list-85	0	15	Text	fastformat.co	2019-04-09	2019-04-12
Alexa top domain list || page 85	http://www.indiansociety.in/domain-list-85	0	15	Text	fastformat.co	2019-04-09	2019-04-12
Alexa top domain list || page 85	http://www.income.net.in/domain-list-85	0	15	Text	fastformat.co	2019-04-09	2019-04-12
Alexa top domain list || page 85	http://www.new.net.in/domain-list-85	0	15	Text	fastformat.co	2019-04-09	2019-04-12
Alexa top domain list || page 85	http://www.officialwebsites.in/domain-list-85	0	15	Text	fastformat.co	2019-04-09	2019-04-10
Alexa top domain list || page 85	http://www.onemanarmy.in/domain-list-85	0	15	Text	fastformat.co	2019-04-09	2019-04-15
Alexa top domain list || page 85	http://www.onlinefestival.in/domain-list-85	0	15	Text	fastformat.co	2019-04-11	2019-04-18
Alexa top domain list || page 85	http://www.onlinenewspaper.in/domain-list-85	0	15	Text	fastformat.co	2019-04-09	2019-04-12
Alexa top domain list || tejal.group || page 119	http://tejal.website/domain-list-119	0	15	Text	fastformat.co	2019-03-05	2019-03-05
Blog Sobral Cultural: Estudantes criam aplicativo que organiza texto com normas da ABNT	http://blogsobralcultural.blogspot.com/2015/08/estudantes-criam-aplicativo-que.html	0	13	Text	um blog	2018-07-19	2018-10-27
Home Design Inspiration - Best Place to Find Your Designing Home | Vinhomes-skylakes.com	http://vinhomes-skylakes.com/	10	13	Text	modelos journal conference fastformat	2018-12-02	2018-12-02
Abnt Logo	http://language-translate.info/abnt-logo%20-d425ade/	0	12	Image	Abnt Logo	2018-08-14	2018-08-14
Ranha - O conhecimento da AEC - Arquitetura, Engenharia e Construção	http://ranha.com.br/	0	10	Text	Fastformat	2018-07-26	2019-04-09
	http://homecinemasystem.co/quadro-com-palavras.html	0	10	Text	.	2018-08-02	2018-08-08
Alunos criam software que formata textos conforme normas da ABNT « Alves & Araujo	http://www.alves-araujo.adv.br/alunos-criam-software-que-formata-textos-conforme-normas-da-abnt/	0	7	Text	blog	2018-08-21	2019-01-09
Patricia Guarnieri	http://pguarnieri.blogspot.com/	0	7	Text	blog	2018-06-17	2018-10-31
Teologia e Filosofia em Foco: Julho 2018	http://teologiafilosofiaemfoco.blogspot.com/2018/07/	0	7	Text	https://blog.fastformat.co/abnt-cf-apud-et-al-et-seq-idem-ou-id-ibid-op-cit-passim-loc-cit/	2018-08-02	2018-10-31
Acervo Contábil: 2018	http://acervocontabil.blogspot.com/2018/	0	7	Text	https://blog.fastformat.co/revisao-da-literatura-o-que-e-como-fazer/	2018-06-20	2018-11-08
Bipolaridades: Sites que todo estudante precisa conhecer	http://b-ipolaridades.blogspot.com/2016/02/sites-que-todo-estudante-precisa.html	0	7	Text	http://fastformat.co/	2018-06-19	2018-10-31
Portal eCuesta: SOFTWARE FORMATA TEXTOS CONFORME NORMAS DA ABNT	https://portalecuesta.blogspot.com/2015/08/software-formata-textos-conforme-normas.html	0	7	Text	forma gratuita na internet	2018-07-01	2018-10-31
Cento e trinta coisas incríveis e gratuitas para engenheiros	https://engenharia360.com/coisas-gratuitas-para-engenheiros/	0	7	Text	FasfFormat:	2019-02-17	2019-04-09
22 SITES E APP’S QUE TODO ESTUDANTE DEVERIA CONHECER – Atlas Concursos	https://atlasconcursos.org/22-sites-e-apps-que-todo-estudante-deveria-conhecer/	0	7	Text	FASTFORMAT	2018-10-30	2018-12-05
PROFNIT | Eduardo Setton	https://eduardosetton.com/profnit/	0	7	Text	FastFormat	2018-09-02	2018-12-05
Alunos criam software que formata textos conforme normas da ABNT - Política, Cidadania e Dignidade	http://blogoosfero.cc/politica-cidadania-e-dignidade/blog/alunos-criam-software-que-formata-textos-conforme-normas-da-abnt	0	 	Text	blog	2018-10-21	2018-10-21
	http://atividadesprofessorbruno.blogspot.com/2017/08/modelo-para-formatacao-de-trabalhos.html	0	 	Text	fastformat.co	2018-07-27	2018-07-27
	http://jornalismoreal.com/central-do-aluno/	0	 	Text	FASFFORMAT:	2018-07-26	2018-07-26
Alexa top domain list || 93	http://aarohi.pw/domain-list-93	0	 	Text	fastformat.co	2018-12-01	2018-12-01
Alexa top domain list || 93	http://afsha.pw/domain-list-93	0	 	Text	fastformat.co	2018-12-01	2018-12-01
Alexa top domain list || 93	http://anjana.pw/domain-list-93	0	 	Text	fastformat.co	2018-12-01	2018-12-01
Alexa top domain list || 93	http://ankita.pw/domain-list-93	0	 	Text	fastformat.co	2018-11-30	2018-12-01
Alexa top domain list || 93	http://ashwini.pw/domain-list-93	0	 	Text	fastformat.co	2018-11-30	2018-12-01
Alexa top domain list || 93	http://bayko.pw/domain-list-93	0	 	Text	fastformat.co	2018-11-30	2018-12-01
Alexa top domain list || 93	http://bhabhi.pw/domain-list-93	0	 	Text	fastformat.co	2018-11-30	2018-12-01
Alexa top domain list || 93	http://bhakti.pw/domain-list-93	0	 	Text	fastformat.co	2018-11-30	2018-12-01
Alexa top domain list || 93	http://bhavya.pw/domain-list-93	0	 	Text	fastformat.co	2018-11-30	2018-11-30
Alexa top domain list || 93	http://deepika.pw/domain-list-93	0	 	Text	fastformat.co	2018-11-30	2018-12-01
Alexa top domain list || 93	http://devyani.pw/domain-list-93	0	 	Text	fastformat.co	2018-11-30	2018-12-01
Alexa top domain list || 93	http://diksha.pw/domain-list-93	0	 	Text	fastformat.co	2018-11-30	2018-12-01
Alexa top domain list || 93	http://dipali.pw/domain-list-93	0	 	Text	fastformat.co	2018-11-30	2018-12-01
Alexa top domain list || 93	http://dipti.pw/domain-list-93	0	 	Text	fastformat.co	2018-11-30	2018-12-01
Alexa top domain list || 93	http://gauri.pw/domain-list-93	0	 	Text	fastformat.co	2018-11-30	2018-12-01
Alexa top domain list || 93	http://geeta.pw/domain-list-93	0	 	Text	fastformat.co	2018-11-30	2018-12-01
Alexa top domain list || 93	http://kalyani.pw/domain-list-93	0	 	Text	fastformat.co	2018-11-30	2018-12-01
Alexa top domain list || 93	http://kanchan.pw/domain-list-93	0	 	Text	fastformat.co	2018-11-30	2018-12-01
Alexa top domain list || 93	http://kavita.pw/domain-list-93	0	 	Text	fastformat.co	2018-12-01	2018-12-01
Alexa top domain list || 93	http://komal.pw/domain-list-93	0	 	Text	fastformat.co	2018-11-30	2018-12-01
Alexa top domain list || 93	http://lalita.pw/domain-list-93	0	 	Text	fastformat.co	2018-11-30	2018-12-01
Alexa top domain list || 93	http://madhuri.pw/domain-list-93	0	 	Text	fastformat.co	2018-11-30	2018-12-01
Alexa top domain list || 93	http://mohini.pw/domain-list-93	0	 	Text	fastformat.co	2018-11-19	2018-12-01
Alexa top domain list || 93	http://mukta.pw/domain-list-93	0	 	Text	fastformat.co	2018-11-30	2018-12-01
Alexa top domain list || 93	http://neelam.pw/domain-list-93	0	 	Text	fastformat.co	2018-11-30	2018-12-01
Alexa top domain list || 93	http://neeta.pw/domain-list-93	0	 	Text	fastformat.co	2018-11-30	2018-12-01
Alexa top domain list || 93	http://nilam.pw/domain-list-93	0	 	Text	fastformat.co	2018-11-30	2018-12-01
Alexa top domain list || 93	http://nisha.pw/domain-list-93	0	 	Text	fastformat.co	2018-11-30	2018-12-01
Alexa top domain list || 93	http://pari.pw/domain-list-93	0	 	Text	fastformat.co	2018-11-30	2018-12-01
Alexa top domain list || 93	http://pinky.pw/domain-list-93	0	 	Text	fastformat.co	2018-11-30	2018-12-01
Alexa top domain list || 93	http://priti.pw/domain-list-93	0	 	Text	fastformat.co	2018-11-30	2018-12-01
Alexa top domain list || 93	http://priya.pw/domain-list-93	0	 	Text	fastformat.co	2018-11-30	2018-12-01
Alexa top domain list || 93	http://purva.pw/domain-list-93	0	 	Text	fastformat.co	2018-11-30	2018-12-01
Alexa top domain list || 93	http://rani.pw/domain-list-93	0	 	Text	fastformat.co	2018-11-19	2018-12-01
Alexa top domain list || 93	http://rekha.pw/domain-list-93	0	 	Text	fastformat.co	2018-11-19	2018-12-01
Alexa top domain list || 93	http://renuka.pw/domain-list-93	0	 	Text	fastformat.co	2018-11-19	2018-12-01
Alexa top domain list || 93	http://reshma.pw/domain-list-93	0	 	Text	fastformat.co	2018-11-30	2018-12-01
Alexa top domain list || 93	http://rohini.pw/domain-list-93	0	 	Text	fastformat.co	2018-11-30	2018-12-01
Alexa top domain list || 93	http://rupa.pw/domain-list-93	0	 	Text	fastformat.co	2018-11-30	2018-11-30
Alexa top domain list || 93	http://sakshi.pw/domain-list-93	0	 	Text	fastformat.co	2018-11-30	2018-12-01
Alexa top domain list || 93	http://sangita.pw/domain-list-93	0	 	Text	fastformat.co	2018-11-30	2018-12-01
Alexa top domain list || 93	http://sanjana.pw/domain-list-93	0	 	Text	fastformat.co	2018-11-30	2018-12-01
Alexa top domain list || 93	http://sarita.pw/domain-list-93	0	 	Text	fastformat.co	2018-11-30	2018-12-01
Alexa top domain list || 93	http://savita.pw/domain-list-93	0	 	Text	fastformat.co	2018-11-30	2018-12-01
Alexa top domain list || 93	http://sayali.pw/domain-list-93	0	 	Text	fastformat.co	2018-11-30	2018-12-01
Alexa top domain list || 93	http://seema.pw/domain-list-93	0	 	Text	fastformat.co	2018-11-30	2018-12-01
Alexa top domain list || 93	http://seeta.pw/domain-list-93	0	 	Text	fastformat.co	2018-11-30	2018-12-01
Alexa top domain list || 93	http://shobha.pw/domain-list-93	0	 	Text	fastformat.co	2018-11-30	2018-12-01
Alexa top domain list || 93	http://smita.pw/domain-list-93	0	 	Text	fastformat.co	2018-11-30	2018-12-01
Alexa top domain list || 93	http://sujata.pw/domain-list-93	0	 	Text	fastformat.co	2018-11-30	2018-12-01
Alexa top domain list || 93	http://sunaina.pw/domain-list-93	0	 	Text	fastformat.co	2018-12-01	2018-12-01
Alexa top domain list || 93	http://supriya.pw/domain-list-93	0	 	Text	fastformat.co	2018-11-30	2018-12-01
Alexa top domain list || 93	http://surekha.pw/domain-list-93	0	 	Text	fastformat.co	2018-11-30	2018-12-01
Alexa top domain list || 93	http://sushila.pw/domain-list-93	0	 	Text	fastformat.co	2018-11-30	2018-12-01
Alexa top domain list || 93	http://suvarna.pw/domain-list-93	0	 	Text	fastformat.co	2018-11-30	2018-12-01
Alexa top domain list || 93	http://vahini.pw/domain-list-93	0	 	Text	fastformat.co	2018-11-19	2018-12-01
Alexa top domain list || 93	http://vandana.pw/domain-list-93	0	 	Text	fastformat.co	2018-11-30	2018-11-30
Alexa top domain list || 93	http://vijaya.pw/domain-list-93	0	 	Text	fastformat.co	2018-11-30	2018-11-30
Alexa top domain list || 93	http://yogita.pw/domain-list-93	0	 	Text	fastformat.co	2018-12-01	2018-12-01
You searched for .co - Page 77 of 662 - co.webd.topColombia (.co) Top Web Directory	https://co.webd.top/page/77/?s=.co	0	 	Text	www.fastformat.co	2018-09-13	2018-09-13
elsevier template * 28 images - bonito plantilla elsevier embellecimiento ejemplo de colecci 243 n de plantillas de curr 237 culum, journals can i write a template just like the elsevier template academia stack exchange, elsevier journal template sciencedirect template free template design, elsevier journal template elsevier cover letter dolapgnetband free template design, elsarticle my elsevier article does not look right tex stack exchange	http://iranport.pw/elsevier-template/	0	 	Text	.	2018-12-20	2018-12-25
